#,version_$1x4,,,,,,,,,,,,,,,,,,,,,,,,,,,,,,,,,,,,,,,,,,,,,,,,,,,,,,,
2025,3,17,1,,,,,,,,,,,,,,,,,,,,,,,,,,,,,,,,,,,,,,,,,,,,,,,,,,,,,
#,trx_short_$1x8,,,,,,,,,,,,,,,,,,,,,,,,,,,,,,,,,,,,,,,,,,,,,,,,,,,,,,,
255,255,255,255,255,255,255,255,,,,,,,,,,,,,,,,,,,,,,,,,,,,,,,,,,,,,,,,,,,,,,,,,
#,trx_open_$1x8,,,,,,,,,,,,,,,,,,,,,,,,,,,,,,,,,,,,,,,,,,,,,,,,,,,,,,,
255,255,255,255,255,255,255,255,,,,,,,,,,,,,,,,,,,,,,,,,,,,,,,,,,,,,,,,,,,,,,,,,
#,trx_gndshort_$1x8,,,,,,,,,,,,,,,,,,,,,,,,,,,,,,,,,,,,,,,,,,,,,,,,,,,,,,,
255,255,255,255,255,255,255,255,,,,,,,,,,,,,,,,,,,,,,,,,,,,,,,,,,,,,,,,,,,,,,,,,
#,fullraw_cap_max_$18x39,,,,,,,,,,,,,,,,,,,,,,,,,,,,,,,,,,,,,,,,,,,,,,,,,,,,,,,
294,751,943,974,984,974,985,979,984,978,988,988,992,986,989,985,989,988,996,984,1100,1089,1101,1089,1082,1076,1076,1062,1058,1065,1078,1061,1078,1073,1071,1071,1083,854,630,,,,,,,,,,,,,,,,,,
784,935,930,916,925,912,921,916,921,914,925,922,929,921,925,916,926,925,933,923,935,926,939,932,932,929,939,936,942,935,943,930,943,932,932,930,940,940,834,,,,,,,,,,,,,,,,,,
915,932,929,914,923,909,916,912,919,912,921,916,923,915,916,911,918,916,928,916,925,919,930,925,926,925,933,929,932,928,935,925,936,926,925,926,960,935,936,,,,,,,,,,,,,,,,,,
914,925,925,909,919,901,905,901,908,901,914,908,912,902,905,898,902,905,914,907,914,907,922,912,916,909,918,912,919,914,923,916,929,915,914,912,923,922,922,,,,,,,,,,,,,,,,,,
916,929,923,909,922,905,911,901,909,902,911,907,909,900,902,894,902,900,911,902,909,901,916,909,911,908,915,908,914,905,916,909,923,914,914,928,942,923,925,,,,,,,,,,,,,,,,,,
905,918,915,901,911,900,905,898,901,893,901,898,904,893,894,884,890,890,901,894,900,893,905,897,898,894,905,900,905,898,909,901,912,904,907,905,932,923,928,,,,,,,,,,,,,,,,,,
914,921,921,905,916,905,912,902,907,896,904,900,907,898,901,893,897,891,905,896,900,898,911,901,901,898,905,900,909,904,914,905,916,908,909,909,943,929,933,,,,,,,,,,,,,,,,,,
901,909,916,905,916,900,909,902,905,897,902,894,901,894,897,887,897,893,902,894,898,894,905,900,901,897,905,897,905,898,909,901,909,905,908,912,923,932,940,,,,,,,,,,,,,,,,,,
817,767,908,908,916,902,909,905,907,898,902,896,901,893,898,890,898,893,921,898,900,893,904,900,901,897,902,900,901,897,905,900,912,902,907,907,921,929,942,,,,,,,,,,,,,,,,,,
813,765,905,900,909,898,905,898,902,896,898,894,898,891,896,886,891,890,900,893,894,890,901,897,898,894,901,891,901,894,905,898,907,901,905,901,921,929,937,,,,,,,,,,,,,,,,,,
902,909,914,904,914,900,909,901,905,897,901,898,904,894,897,890,894,890,921,896,897,891,907,898,900,894,901,893,901,894,905,900,912,902,908,905,919,926,935,,,,,,,,,,,,,,,,,,
909,918,914,901,912,897,904,900,902,894,901,897,901,894,896,890,897,890,901,893,894,887,902,897,897,893,901,891,898,891,902,897,908,900,901,902,937,921,925,,,,,,,,,,,,,,,,,,
905,912,909,897,905,891,900,896,898,890,896,893,894,886,890,882,890,886,894,886,889,883,896,893,894,886,890,883,893,887,898,891,901,894,898,897,908,914,914,,,,,,,,,,,,,,,,,,
907,916,911,894,905,894,898,891,898,886,894,890,897,886,890,883,890,886,915,890,889,884,898,890,890,886,891,883,890,884,896,889,901,891,896,894,905,907,904,,,,,,,,,,,,,,,,,,
909,919,914,898,909,896,905,902,902,897,901,897,900,894,896,889,898,893,918,914,890,886,901,894,897,890,897,889,894,893,901,894,905,894,898,900,909,909,901,,,,,,,,,,,,,,,,,,
897,914,914,898,907,897,901,894,898,889,898,893,900,894,896,887,893,893,921,897,883,879,894,891,893,889,897,886,894,887,898,889,901,891,893,894,905,902,891,,,,,,,,,,,,,,,,,,
768,918,914,900,907,894,901,894,898,890,898,891,901,897,901,890,898,898,918,907,882,879,891,889,890,887,898,890,893,889,894,889,898,891,893,890,901,898,782,,,,,,,,,,,,,,,,,,
540,879,1073,1107,1108,1090,1096,1086,1086,1078,1083,1078,1086,1086,1093,1090,1108,1121,1162,1237,943,940,956,954,961,956,967,957,960,954,964,956,964,956,956,951,953,736,330,,,,,,,,,,,,,,,,,,
#,fullraw_cap_min_$18x39,,,,,,,,,,,,,,,,,,,,,,,,,,,,,,,,,,,,,,,,,,,,,,,,,,,,,,,
32,322,404,417,421,417,422,420,421,419,423,423,425,423,424,422,424,423,427,421,471,466,472,466,463,461,461,455,453,456,462,454,462,460,459,459,464,366,67,,,,,,,,,,,,,,,,,,
336,400,399,393,396,391,394,393,394,391,396,395,398,394,396,393,397,396,400,396,400,397,402,399,399,398,402,401,403,400,404,399,404,399,399,399,403,403,357,,,,,,,,,,,,,,,,,,
392,399,398,391,396,390,393,391,394,391,394,393,396,392,393,390,393,393,397,393,396,394,399,396,397,396,400,398,399,397,400,396,401,397,396,397,411,400,401,,,,,,,,,,,,,,,,,,
391,396,396,390,394,386,388,386,389,386,391,389,391,387,388,385,387,388,391,388,391,388,395,391,393,390,393,391,394,391,396,393,398,392,391,391,396,395,395,,,,,,,,,,,,,,,,,,
393,398,396,390,395,388,390,386,390,387,390,388,390,385,387,383,387,385,390,387,390,386,393,390,390,389,392,389,391,388,393,390,396,391,391,397,403,396,396,,,,,,,,,,,,,,,,,,
388,393,392,386,390,385,388,385,386,382,386,385,387,382,383,379,381,381,386,383,385,382,388,384,385,383,388,385,388,385,390,386,391,387,388,388,399,396,397,,,,,,,,,,,,,,,,,,
391,394,394,388,393,388,391,387,388,384,387,385,388,385,386,382,384,382,388,384,385,385,390,386,386,385,388,385,390,387,391,388,393,389,390,390,404,398,400,,,,,,,,,,,,,,,,,,
386,390,393,388,393,385,390,387,388,384,387,383,386,383,384,380,384,382,387,383,385,383,388,385,386,384,388,384,388,385,390,386,390,388,389,391,396,399,403,,,,,,,,,,,,,,,,,,
350,328,389,389,393,387,390,388,388,385,387,384,386,382,385,381,385,382,394,385,385,382,387,385,386,384,387,385,386,384,388,385,391,387,388,388,394,398,403,,,,,,,,,,,,,,,,,,
348,328,388,385,390,385,388,385,387,384,385,383,385,382,384,379,382,381,385,382,383,381,386,384,385,383,386,382,386,383,388,385,388,386,388,386,394,398,402,,,,,,,,,,,,,,,,,,
387,390,391,387,391,385,390,386,388,384,386,385,387,383,384,381,383,381,394,384,384,382,388,385,385,383,386,382,386,383,388,385,391,387,389,388,394,397,400,,,,,,,,,,,,,,,,,,
390,393,391,386,391,384,387,385,387,383,386,384,386,383,384,381,384,381,386,382,383,380,387,384,384,382,386,382,385,382,387,384,389,385,386,387,402,394,396,,,,,,,,,,,,,,,,,,
388,391,390,384,388,382,385,384,385,381,384,382,383,379,381,378,381,379,383,379,381,378,384,382,383,379,381,378,382,380,385,382,386,383,385,384,389,391,391,,,,,,,,,,,,,,,,,,
388,393,390,383,388,383,385,382,385,379,383,381,384,379,381,378,381,379,392,381,381,379,385,381,381,379,382,378,381,379,384,381,386,382,384,383,388,388,387,,,,,,,,,,,,,,,,,,
390,394,391,385,390,384,388,387,387,384,386,384,385,383,384,381,385,382,393,391,381,379,386,383,384,381,384,381,383,382,386,383,388,383,385,385,390,390,386,,,,,,,,,,,,,,,,,,
384,391,391,385,388,384,386,383,385,381,385,382,385,383,384,380,382,382,394,384,378,376,383,382,382,381,384,379,383,380,385,381,386,382,382,383,388,387,382,,,,,,,,,,,,,,,,,,
329,393,391,385,388,383,386,383,385,381,385,382,386,384,386,381,385,385,393,388,378,376,382,381,381,380,385,381,382,381,383,381,385,382,382,381,386,385,335,,,,,,,,,,,,,,,,,,
57,376,460,474,475,467,469,465,465,462,464,462,465,465,468,467,475,480,498,530,404,403,409,409,412,409,414,410,411,409,413,409,413,409,409,408,408,315,35,,,,,,,,,,,,,,,,,,
#,delta_noise_max_$18x39,,,,,,,,,,,,,,,,,,,,,,,,,,,,,,,,,,,,,,,,,,,,,,,,,,,,,,,
60,60,60,60,60,60,60,60,60,60,60,60,60,60,60,60,60,60,60,60,60,60,60,60,60,60,60,60,60,60,60,60,60,60,60,60,60,60,60,,,,,,,,,,,,,,,,,,
60,60,60,60,60,60,60,60,60,60,60,60,60,60,60,60,60,60,60,60,60,60,60,60,60,60,60,60,60,60,60,60,60,60,60,60,60,60,60,,,,,,,,,,,,,,,,,,
60,60,60,60,60,60,60,60,60,60,60,60,60,60,60,60,60,60,60,60,60,60,60,60,60,60,60,60,60,60,60,60,60,60,60,60,60,60,60,,,,,,,,,,,,,,,,,,
60,60,60,60,60,60,60,60,60,60,60,60,60,60,60,60,60,60,60,60,60,60,60,60,60,60,60,60,60,60,60,60,60,60,60,60,60,60,60,,,,,,,,,,,,,,,,,,
60,60,60,60,60,60,60,60,60,60,60,60,60,60,60,60,60,60,60,60,60,60,60,60,60,60,60,60,60,60,60,60,60,60,60,60,60,60,60,,,,,,,,,,,,,,,,,,
60,60,60,60,60,60,60,60,60,60,60,60,60,60,60,60,60,60,60,60,60,60,60,60,60,60,60,60,60,60,60,60,60,60,60,60,60,60,60,,,,,,,,,,,,,,,,,,
60,60,60,60,60,60,60,60,60,60,60,60,60,60,60,60,60,60,60,60,60,60,60,60,60,60,60,60,60,60,60,60,60,60,60,60,60,60,60,,,,,,,,,,,,,,,,,,
60,60,60,60,60,60,60,60,60,60,60,60,60,60,60,60,60,60,60,60,60,60,60,60,60,60,60,60,60,60,60,60,60,60,60,60,60,60,60,,,,,,,,,,,,,,,,,,
60,60,60,60,60,60,60,60,60,60,60,60,60,60,60,60,60,60,60,60,60,60,60,60,60,60,60,60,60,60,60,60,60,60,60,60,60,60,60,,,,,,,,,,,,,,,,,,
60,60,60,60,60,60,60,60,60,60,60,60,60,60,60,60,60,60,60,60,60,60,60,60,60,60,60,60,60,60,60,60,60,60,60,60,60,60,60,,,,,,,,,,,,,,,,,,
60,60,60,60,60,60,60,60,60,60,60,60,60,60,60,60,60,60,60,60,60,60,60,60,60,60,60,60,60,60,60,60,60,60,60,60,60,60,60,,,,,,,,,,,,,,,,,,
60,60,60,60,60,60,60,60,60,60,60,60,60,60,60,60,60,60,60,60,60,60,60,60,60,60,60,60,60,60,60,60,60,60,60,60,60,60,60,,,,,,,,,,,,,,,,,,
60,60,60,60,60,60,60,60,60,60,60,60,60,60,60,60,60,60,60,60,60,60,60,60,60,60,60,60,60,60,60,60,60,60,60,60,60,60,60,,,,,,,,,,,,,,,,,,
60,60,60,60,60,60,60,60,60,60,60,60,60,60,60,60,60,60,60,60,60,60,60,60,60,60,60,60,60,60,60,60,60,60,60,60,60,60,60,,,,,,,,,,,,,,,,,,
60,60,60,60,60,60,60,60,60,60,60,60,60,60,60,60,60,60,60,60,60,60,60,60,60,60,60,60,60,60,60,60,60,60,60,60,60,60,60,,,,,,,,,,,,,,,,,,
60,60,60,60,60,60,60,60,60,60,60,60,60,60,60,60,60,60,60,60,60,60,60,60,60,60,60,60,60,60,60,60,60,60,60,60,60,60,60,,,,,,,,,,,,,,,,,,
60,60,60,60,60,60,60,60,60,60,60,60,60,60,60,60,60,60,60,60,60,60,60,60,60,60,60,60,60,60,60,60,60,60,60,60,60,60,60,,,,,,,,,,,,,,,,,,
60,60,60,60,60,60,60,60,60,60,60,60,60,60,60,60,60,60,60,60,60,60,60,60,60,60,60,60,60,60,60,60,60,60,60,60,60,60,60,,,,,,,,,,,,,,,,,,
#,delta_noise_min_$18x39,,,,,,,,,,,,,,,,,,,,,,,,,,,,,,,,,,,,,,,,,,,,,,,,,,,,,,,
-60,-60,-60,-60,-60,-60,-60,-60,-60,-60,-60,-60,-60,-60,-60,-60,-60,-60,-60,-60,-60,-60,-60,-60,-60,-60,-60,-60,-60,-60,-60,-60,-60,-60,-60,-60,-60,-60,-60,,,,,,,,,,,,,,,,,,
-60,-60,-60,-60,-60,-60,-60,-60,-60,-60,-60,-60,-60,-60,-60,-60,-60,-60,-60,-60,-60,-60,-60,-60,-60,-60,-60,-60,-60,-60,-60,-60,-60,-60,-60,-60,-60,-60,-60,,,,,,,,,,,,,,,,,,
-60,-60,-60,-60,-60,-60,-60,-60,-60,-60,-60,-60,-60,-60,-60,-60,-60,-60,-60,-60,-60,-60,-60,-60,-60,-60,-60,-60,-60,-60,-60,-60,-60,-60,-60,-60,-60,-60,-60,,,,,,,,,,,,,,,,,,
-60,-60,-60,-60,-60,-60,-60,-60,-60,-60,-60,-60,-60,-60,-60,-60,-60,-60,-60,-60,-60,-60,-60,-60,-60,-60,-60,-60,-60,-60,-60,-60,-60,-60,-60,-60,-60,-60,-60,,,,,,,,,,,,,,,,,,
-60,-60,-60,-60,-60,-60,-60,-60,-60,-60,-60,-60,-60,-60,-60,-60,-60,-60,-60,-60,-60,-60,-60,-60,-60,-60,-60,-60,-60,-60,-60,-60,-60,-60,-60,-60,-60,-60,-60,,,,,,,,,,,,,,,,,,
-60,-60,-60,-60,-60,-60,-60,-60,-60,-60,-60,-60,-60,-60,-60,-60,-60,-60,-60,-60,-60,-60,-60,-60,-60,-60,-60,-60,-60,-60,-60,-60,-60,-60,-60,-60,-60,-60,-60,,,,,,,,,,,,,,,,,,
-60,-60,-60,-60,-60,-60,-60,-60,-60,-60,-60,-60,-60,-60,-60,-60,-60,-60,-60,-60,-60,-60,-60,-60,-60,-60,-60,-60,-60,-60,-60,-60,-60,-60,-60,-60,-60,-60,-60,,,,,,,,,,,,,,,,,,
-60,-60,-60,-60,-60,-60,-60,-60,-60,-60,-60,-60,-60,-60,-60,-60,-60,-60,-60,-60,-60,-60,-60,-60,-60,-60,-60,-60,-60,-60,-60,-60,-60,-60,-60,-60,-60,-60,-60,,,,,,,,,,,,,,,,,,
-60,-60,-60,-60,-60,-60,-60,-60,-60,-60,-60,-60,-60,-60,-60,-60,-60,-60,-60,-60,-60,-60,-60,-60,-60,-60,-60,-60,-60,-60,-60,-60,-60,-60,-60,-60,-60,-60,-60,,,,,,,,,,,,,,,,,,
-60,-60,-60,-60,-60,-60,-60,-60,-60,-60,-60,-60,-60,-60,-60,-60,-60,-60,-60,-60,-60,-60,-60,-60,-60,-60,-60,-60,-60,-60,-60,-60,-60,-60,-60,-60,-60,-60,-60,,,,,,,,,,,,,,,,,,
-60,-60,-60,-60,-60,-60,-60,-60,-60,-60,-60,-60,-60,-60,-60,-60,-60,-60,-60,-60,-60,-60,-60,-60,-60,-60,-60,-60,-60,-60,-60,-60,-60,-60,-60,-60,-60,-60,-60,,,,,,,,,,,,,,,,,,
-60,-60,-60,-60,-60,-60,-60,-60,-60,-60,-60,-60,-60,-60,-60,-60,-60,-60,-60,-60,-60,-60,-60,-60,-60,-60,-60,-60,-60,-60,-60,-60,-60,-60,-60,-60,-60,-60,-60,,,,,,,,,,,,,,,,,,
-60,-60,-60,-60,-60,-60,-60,-60,-60,-60,-60,-60,-60,-60,-60,-60,-60,-60,-60,-60,-60,-60,-60,-60,-60,-60,-60,-60,-60,-60,-60,-60,-60,-60,-60,-60,-60,-60,-60,,,,,,,,,,,,,,,,,,
-60,-60,-60,-60,-60,-60,-60,-60,-60,-60,-60,-60,-60,-60,-60,-60,-60,-60,-60,-60,-60,-60,-60,-60,-60,-60,-60,-60,-60,-60,-60,-60,-60,-60,-60,-60,-60,-60,-60,,,,,,,,,,,,,,,,,,
-60,-60,-60,-60,-60,-60,-60,-60,-60,-60,-60,-60,-60,-60,-60,-60,-60,-60,-60,-60,-60,-60,-60,-60,-60,-60,-60,-60,-60,-60,-60,-60,-60,-60,-60,-60,-60,-60,-60,,,,,,,,,,,,,,,,,,
-60,-60,-60,-60,-60,-60,-60,-60,-60,-60,-60,-60,-60,-60,-60,-60,-60,-60,-60,-60,-60,-60,-60,-60,-60,-60,-60,-60,-60,-60,-60,-60,-60,-60,-60,-60,-60,-60,-60,,,,,,,,,,,,,,,,,,
-60,-60,-60,-60,-60,-60,-60,-60,-60,-60,-60,-60,-60,-60,-60,-60,-60,-60,-60,-60,-60,-60,-60,-60,-60,-60,-60,-60,-60,-60,-60,-60,-60,-60,-60,-60,-60,-60,-60,,,,,,,,,,,,,,,,,,
-60,-60,-60,-60,-60,-60,-60,-60,-60,-60,-60,-60,-60,-60,-60,-60,-60,-60,-60,-60,-60,-60,-60,-60,-60,-60,-60,-60,-60,-60,-60,-60,-60,-60,-60,-60,-60,-60,-60,,,,,,,,,,,,,,,,,,
#,hybridraw_cap_max_$1x57,,,,,,,,,,,,,,,,,,,,,,,,,,,,,,,,,,,,,,,,,,,,,,,,,,,,,,,
268364,276721,279752,273067,271481,268199,267948,264157,261189,260160,264075,259692,260121,259099,260049,259394,259450,255641,256708,253017,286067,282951,282128,280610,279041,277865,278852,275972,276873,273408,273712,270949,274554,274422,275725,273868,272739,270169,250205,579726,535775,540569,539742,537327,539494,538742,544507,544160,525298,521530,523587,517353,516814,520683,517124,507999,540622
#,hybridraw_cap_min_$1x57,,,,,,,,,,,,,,,,,,,,,,,,,,,,,,,,,,,,,,,,,,,,,,,,,,,,,,,
115013,118594,119893,117028,116349,114942,114835,113210,111938,111497,113175,111297,111480,111042,111450,111169,111193,109560,110017,108436,122600,121264,120912,120261,119589,119085,119508,118273,118660,117175,117305,116121,117666,117609,118168,117372,116888,115786,107230,248454,229618,231672,231318,230283,231211,230889,233360,233211,225127,223513,224394,221722,221491,223150,221625,217714,231695
#,raw_cap_max_$18x39,,,,,,,,,,,,,,,,,,,,,,,,,,,,,,,,,,,,,,,,,,,,,,,,,,,,,,,
288,743,937,954,971,967,965,968,977,968,977,971,974,963,979,972,975,971,978,968,1090,1076,1094,1080,1075,1062,1072,1055,1054,1065,1072,1054,1072,1076,1061,1068,1080,851,616,,,,,,,,,,,,,,,,,,
768,919,922,896,911,902,900,904,912,901,911,904,908,897,912,902,911,905,915,907,923,915,935,923,923,918,935,928,937,935,939,921,936,935,923,926,939,935,821,,,,,,,,,,,,,,,,,,
904,921,922,898,911,901,897,902,912,902,911,902,905,893,908,898,904,901,911,902,918,911,930,919,919,915,930,923,932,930,932,918,935,932,919,925,957,930,922,,,,,,,,,,,,,,,,,,
911,921,922,897,911,900,893,896,907,897,908,897,898,884,900,889,896,893,904,897,911,904,925,911,915,904,922,911,922,919,923,914,930,925,911,915,928,923,915,,,,,,,,,,,,,,,,,,
900,914,914,889,904,896,889,890,898,887,896,887,887,875,889,879,884,880,894,884,900,893,912,900,901,896,909,900,908,905,909,900,915,915,905,923,939,918,908,,,,,,,,,,,,,,,,,,
897,908,908,884,901,894,889,891,896,884,893,884,887,873,886,875,877,876,889,880,894,886,905,893,894,889,905,897,905,904,908,896,911,911,902,907,935,922,916,,,,,,,,,,,,,,,,,,
900,911,911,889,904,898,894,896,900,887,894,886,887,877,891,879,882,879,889,882,896,889,911,896,897,889,904,896,908,905,909,900,912,912,904,911,944,926,923,,,,,,,,,,,,,,,,,,
896,904,914,893,907,900,896,897,902,889,896,884,886,877,891,880,886,880,893,883,896,889,909,897,897,890,905,896,907,905,909,900,911,914,905,911,926,930,930,,,,,,,,,,,,,,,,,,
805,758,904,891,904,897,893,896,901,890,893,882,884,873,890,880,884,879,909,886,894,887,908,896,898,889,902,896,904,902,905,896,911,911,904,908,925,929,930,,,,,,,,,,,,,,,,,,
805,760,901,887,904,896,893,894,900,889,894,884,884,875,890,879,882,879,890,883,893,886,908,894,897,889,902,893,902,901,908,894,909,911,904,907,925,930,929,,,,,,,,,,,,,,,,,,
896,901,909,889,904,896,894,896,900,887,894,886,887,877,891,879,884,879,909,883,893,886,908,896,897,889,901,891,901,900,905,896,911,912,904,907,923,926,926,,,,,,,,,,,,,,,,,,
897,908,908,884,900,893,886,890,897,884,891,882,883,873,887,877,880,877,887,879,889,880,904,893,893,884,898,889,897,897,901,891,907,908,898,902,939,918,912,,,,,,,,,,,,,,,,,,
902,908,911,886,900,894,889,893,900,887,893,884,884,873,890,877,882,877,889,880,889,882,904,893,893,884,896,887,897,896,901,893,907,908,897,902,915,918,909,,,,,,,,,,,,,,,,,,
902,909,911,886,900,893,889,891,898,884,891,883,884,873,889,877,883,877,908,880,889,884,905,893,893,884,897,886,896,896,900,889,904,905,896,901,912,909,898,,,,,,,,,,,,,,,,,,
901,911,911,887,901,896,890,898,898,890,894,884,886,877,891,880,887,883,907,902,889,882,904,893,893,884,898,887,897,896,901,889,904,904,896,900,912,905,891,,,,,,,,,,,,,,,,,,
894,912,914,889,902,897,893,894,900,887,896,887,889,880,894,883,887,884,915,891,884,880,902,893,894,886,900,890,900,897,901,889,904,904,896,900,911,905,889,,,,,,,,,,,,,,,,,,
764,915,915,889,902,896,890,893,898,886,894,884,889,880,897,886,890,890,911,898,880,876,900,889,893,887,902,893,900,898,900,889,901,902,893,896,907,900,778,,,,,,,,,,,,,,,,,,
532,869,1068,1089,1094,1085,1076,1075,1079,1068,1072,1062,1069,1061,1083,1076,1092,1107,1146,1220,939,935,957,950,956,949,965,953,960,957,963,950,961,964,950,953,953,736,322,,,,,,,,,,,,,,,,,,
#,raw_cap_min_$18x39,,,,,,,,,,,,,,,,,,,,,,,,,,,,,,,,,,,,,,,,,,,,,,,,,,,,,,,
30,318,402,409,416,414,414,415,418,415,418,416,417,412,420,417,418,416,419,415,467,461,469,463,460,455,459,452,451,456,459,451,459,461,454,457,463,364,66,,,,,,,,,,,,,,,,,,
329,394,395,384,390,387,385,387,391,386,390,387,389,384,391,387,390,388,392,388,396,392,400,396,396,393,400,397,402,400,402,394,401,400,396,397,402,400,352,,,,,,,,,,,,,,,,,,
387,394,395,385,390,386,384,387,391,387,390,387,388,382,389,385,387,386,390,387,393,390,399,394,394,392,399,396,399,399,399,393,400,399,394,396,410,399,395,,,,,,,,,,,,,,,,,,
390,394,395,384,390,385,382,384,388,384,389,384,385,379,385,381,384,382,387,384,390,387,396,390,392,387,395,390,395,394,396,391,399,396,390,392,397,396,392,,,,,,,,,,,,,,,,,,
385,391,391,381,387,384,381,381,385,380,384,380,380,375,381,376,379,377,383,379,385,382,391,385,386,384,390,385,389,388,390,385,392,392,388,396,402,393,389,,,,,,,,,,,,,,,,,,
384,389,389,379,386,383,381,382,384,379,382,379,380,374,379,375,376,375,381,377,383,379,388,382,383,381,388,384,388,387,389,384,390,390,387,388,400,395,393,,,,,,,,,,,,,,,,,,
385,390,390,381,387,385,383,384,385,380,383,379,380,376,382,376,378,376,381,378,384,381,390,384,384,381,387,384,389,388,390,385,391,391,387,390,405,397,396,,,,,,,,,,,,,,,,,,
384,387,391,382,388,385,384,384,387,381,384,379,379,376,382,377,379,377,382,378,384,381,390,384,384,381,388,384,388,388,390,385,390,391,388,390,397,399,399,,,,,,,,,,,,,,,,,,
345,325,387,382,387,384,382,384,386,381,382,378,379,374,381,377,379,376,390,379,383,380,389,384,385,381,387,384,387,387,388,384,390,390,387,389,396,398,399,,,,,,,,,,,,,,,,,,
345,325,386,380,387,384,382,383,385,381,383,379,379,375,381,376,378,376,381,378,382,379,389,383,384,381,387,382,387,386,389,383,390,390,387,388,396,399,398,,,,,,,,,,,,,,,,,,
384,386,390,381,387,384,383,384,385,380,383,379,380,376,382,376,379,376,390,378,382,379,389,384,384,381,386,382,386,385,388,384,390,391,387,388,396,397,397,,,,,,,,,,,,,,,,,,
384,389,389,379,385,382,379,381,384,379,382,378,378,374,380,376,377,376,380,376,381,377,387,382,382,379,385,381,384,384,386,382,388,389,385,387,402,393,391,,,,,,,,,,,,,,,,,,
387,389,390,379,385,383,381,382,385,380,382,379,379,374,381,376,378,376,381,377,381,378,387,382,382,379,384,380,384,384,386,382,388,389,384,387,392,393,390,,,,,,,,,,,,,,,,,,
387,390,390,379,385,382,381,382,385,379,382,378,379,374,381,376,378,376,389,377,381,379,388,382,382,379,384,379,384,384,385,381,387,388,384,386,391,390,385,,,,,,,,,,,,,,,,,,
386,390,390,380,386,384,381,385,385,381,383,379,379,376,382,377,380,378,388,387,381,378,387,382,382,379,385,380,384,384,386,381,387,387,384,385,391,388,382,,,,,,,,,,,,,,,,,,
383,391,391,381,387,384,382,383,385,380,384,380,381,377,383,378,380,379,392,382,379,377,387,382,383,379,385,381,385,384,386,381,387,387,384,385,390,388,381,,,,,,,,,,,,,,,,,,
327,392,392,381,387,384,381,382,385,379,383,379,381,377,384,379,381,381,390,385,377,375,385,381,382,380,387,382,385,385,385,381,386,387,382,384,388,385,333,,,,,,,,,,,,,,,,,,
57,372,457,466,469,465,461,460,462,457,459,455,458,454,464,461,468,474,491,523,402,400,410,407,409,406,414,408,411,410,412,407,412,413,407,408,408,315,35,,,,,,,,,,,,,,,,,,
#,trexshort_custom_max_$1x57,,,,,,,,,,,,,,,,,,,,,,,,,,,,,,,,,,,,,,,,,,,,,,,,,,,,,,,
800,800,800,800,800,800,800,800,800,800,800,800,800,800,800,800,800,800,800,800,800,800,800,800,800,800,800,800,800,800,800,800,800,800,800,800,800,800,800,800,800,800,800,800,800,800,800,800,800,800,800,800,800,800,800,800,800
#,trexshort_custom_min_$1x57,,,,,,,,,,,,,,,,,,,,,,,,,,,,,,,,,,,,,,,,,,,,,,,,,,,,,,,
0,0,0,0,0,0,0,0,0,0,0,0,0,0,0,0,0,0,0,0,0,0,0,0,0,0,0,0,0,0,0,0,0,0,0,0,0,0,0,0,0,0,0,0,0,0,0,0,0,0,0,0,0,0,0,0,0
#,hybridabs_diff_cbc_max_$1x57,,,,,,,,,,,,,,,,,,,,,,,,,,,,,,,,,,,,,,,,,,,,,,,,,,,,,,,
70000,70000,70000,70000,70000,70000,70000,70000,70000,70000,70000,70000,70000,70000,70000,70000,70000,70000,70000,70000,70000,70000,70000,70000,70000,70000,70000,70000,70000,70000,70000,70000,70000,70000,70000,70000,70000,70000,70000,70000,70000,70000,70000,70000,70000,70000,70000,70000,70000,70000,70000,70000,70000,70000,70000,70000,70000
#,hybridabs_diff_cbc_min_$1x57,,,,,,,,,,,,,,,,,,,,,,,,,,,,,,,,,,,,,,,,,,,,,,,,,,,,,,,
30000,30000,30000,30000,30000,30000,30000,30000,30000,30000,30000,30000,30000,30000,30000,30000,30000,30000,30000,30000,30000,30000,30000,30000,30000,30000,30000,30000,30000,30000,30000,30000,30000,30000,30000,30000,30000,30000,30000,30000,30000,30000,30000,30000,30000,30000,30000,30000,30000,30000,30000,30000,30000,30000,30000,30000,30000
#,hybridabs_nosie_max_$1x57,,,,,,,,,,,,,,,,,,,,,,,,,,,,,,,,,,,,,,,,,,,,,,,,,,,,,,,
2000,2000,2000,2000,2000,2000,2000,2000,2000,2000,2000,2000,2000,2000,2000,2000,2000,2000,2000,2000,2000,2000,2000,2000,2000,2000,2000,2000,2000,2000,2000,2000,2000,2000,2000,2000,2000,2000,2000,2000,2000,2000,2000,2000,2000,2000,2000,2000,2000,2000,2000,2000,2000,2000,2000,2000,2000
#,hybridabs_nosie_min_$1x57,,,,,,,,,,,,,,,,,,,,,,,,,,,,,,,,,,,,,,,,,,,,,,,,,,,,,,,
-1,-1,-1,-1,-1,-1,-1,-1,-1,-1,-1,-1,-1,-1,-1,-1,-1,-1,-1,-1,-1,-1,-1,-1,-1,-1,-1,-1,-1,-1,-1,-1,-1,-1,-1,-1,-1,-1,-1,-1,-1,-1,-1,-1,-1,-1,-1,-1,-1,-1,-1,-1,-1,-1,-1,-1,-1
